Title,Year,Genre,Description
The Ultimate 'Star Wars: A New Hope' Recap Cartoon,2020,"Animation, Short, Comedy","You'll relive Luke's Tatooine beginnings, join Han Solo's smuggler shenanigans, and witness Leia's princess power, all with a healthy dose of silliness. Lightsabers become oversized pool noodles, the Death Star explodes in a confe..."
Goodfellas,1990,"Biography, Crime, Drama","Henry Hill might be a small time gangster, who may have taken part in a robbery with Jimmy Conway and Tommy De Vito, two other gangsters who might have set their sights a bit higher. His two partners could kill off everyone else involved in the robbery, and slowly start to think about climbing up through the hierarchy of the Mob. Henry, however, might be badly affected by his partners' success, but will he consider stooping low enough to bring about the downfall of Jimmy and Tommy?"
Valkyrie,2008,"Drama, History, Thriller","In Nazi Germany during World War II, as the tide turned in favor of the Allies, a cadre of senior German officers and politicians desperately plot to topple the Nazi regime before the nation is crushed in a nearly inevitable defeat. To this end, Colonel Claus von Stauffenberg, an Army officer convinced he must save Germany from Adolf Hitler, is recruited to mastermind a real plan. To do so, he arranges for the internal emergency measure, Operation: Valkyrie, to be changed to enable his fellows to seize control of Berlin after the assassination of Der Führer. However, even as the plan is put into action, a combination of bad luck and human failings conspire on their own to create a tragedy that would prolong the greater one gripping Europe."
Avengers: Endgame,2019,"Action, Adventure, Sci-Fi","After the devastating events of Avengers: Infinity War (2018), the universe is in ruins due to the efforts of the Mad Titan, Thanos. With the help of remaining allies, the Avengers must assemble once more in order to undo Thanos's actions and undo the chaos to the universe, no matter what consequences may be in store, and no matter who they face..."
Avengers: Infinity War,2018,"Action, Adventure, Sci-Fi","As the Avengers and their allies have continued to protect the world from threats too large for any one hero to handle, a new danger has emerged from the cosmic shadows: Thanos. A despot of intergalactic infamy, his goal is to collect all six Infinity Stones, artifacts of unimaginable power, and use them to inflict his twisted will on all of reality. Everything the Avengers have fought for has led up to this moment, the fate of Earth and existence has never been more uncertain."
Spider-Man: No Way Home,2021,"Action, Adventure, Fantasy","Peter Parker's secret identity is revealed to the entire world. Desperate for help, Peter turns to Doctor Strange to make the world forget that he is Spider-Man. The spell goes horribly wrong and shatters the multiverse, bringing in monstrous villains that could destroy the world."
Avengers: Age of Ultron,2015,"Action, Adventure, Sci-Fi","Tony Stark creates the Ultron Program to protect the world, but when the peacekeeping program becomes hostile, The Avengers go into action to try and defeat a virtually impossible enemy together. Earth's mightiest heroes must come together once again to protect the world from global extinction."
Avengers: Endgame,2019,"Action, Adventure, Sci-Fi","After the devastating events of Avengers: Infinity War (2018), the universe is in ruins due to the efforts of the Mad Titan, Thanos. With the help of remaining allies, the Avengers must assemble once more in order to undo Thanos's actions and undo the chaos to the universe, no matter what consequences may be in store, and no matter who they face..."
Avengers: Infinity War,2018,"Action, Adventure, Sci-Fi","As the Avengers and their allies have continued to protect the world from threats too large for any one hero to handle, a new danger has emerged from the cosmic shadows: Thanos. A despot of intergalactic infamy, his goal is to collect all six Infinity Stones, artifacts of unimaginable power, and use them to inflict his twisted will on all of reality. Everything the Avengers have fought for has led up to this moment, the fate of Earth and existence has never been more uncertain."
Justice League,2017,"Action, Adventure, Fantasy","Fueled by his restored faith in humanity and inspired by Superman's selfless act, Bruce Wayne enlists the help of his newfound ally, Diana Prince, to face an even greater enemy. Together, Batman and Wonder Woman work quickly to find and recruit a team of meta-humans to stand against this newly awakened threat. But despite the formation of this unprecedented league of heroes-Batman, Wonder Woman, Aquaman, Cyborg and The Flash-it may already be too late to save the planet from an assault of catastrophic proportions."
RiffTrax: Star Wars: The Rise of Skywalker,2020,"Comedy, Sci-Fi","Ever since the original premiered in 1977, Star Wars fans have waited to see how the Skywalker saga would end."
Solo: A Star Wars Story,2018,"Action, Adventure, Sci-Fi","With the emerging demand of hyperfuel and other resources, Han Solo finds himself in the middle of a heist alongside other criminals, where they meet the likes of Chewbacca and Lando Calrissian in an adventurous situation exposing the criminal underworld."
Batman v Superman: Dawn of Justice,2016,"Action, Adventure, Sci-Fi","The general public is concerned over having Superman on their planet and letting the ""Dark Knight"" - Batman - pursue the streets of Gotham. While this is happening, a power-phobic Batman tries to attack Superman. Meanwhile, Superman tries to settle on a decision, and Lex Luthor, the criminal mastermind and millionaire, tries to use his own advantages to fight the ""Man of Steel""."
Hereditary,2018,"Drama, Horror, Mystery","When her mentally ill mother passes away, Annie (Toni Collette), her husband (Gabriel Byrne), son (Alex Wolff), and daughter (Milly Shapiro) all mourn her loss. The family turn to different means to handle their grief, including Annie and her daughter both flirting with the supernatural. They each begin to have disturbing, otherworldly experiences linked to the sinister secrets and emotional trauma that have been passed through the generations of their family."
It (2017),2017,"Comedy, Talk-Show","Much like how Pennywise returns every 27 years to cause havoc, they're seemingly returning to Stephen King's It every 2 years to talk about the most recent screen-version of the story."
Midsommar,2019,"Drama, Horror, Mystery","Dani (Florence Pugh) and Christian (Jack Reynor) are a young American couple with a relationship on the brink of falling apart. But after a family tragedy keeps them together, Christian invites a grieving Dani to join him and his friends on a trip to a once-in-a-lifetime midsummer festival in a remote Swedish village. What begins as a carefree summer holiday in the North European land of eternal sunlight takes a sinister turn when the insular villagers invite their guests to partake in festivities that render the pastoral paradise increasingly unnerving and viscerally disturbing."
